Date,Source,Site ID,POC,Daily Mean PM10 Concentration,UNITS,DAILY_AQI_VALUE,Site Name,DAILY_OBS_COUNT,PERCENT_COMPLETE,AQS_PARAMETER_CODE,AQS_PARAMETER_DESC,CBSA_CODE,CBSA_NAME,STATE_CODE,STATE,COUNTY_CODE,COUNTY,SITE_LATITUDE,SITE_LONGITUDE
01/01/2022,AQS,530050002,5,15,ug/m3 SC,14,KENNEWICK - METALINE,1,100,81102,PM10 Total 0-10um STP,28420,"Kennewick-Richland, WA",53,Washington,5,Benton,46.21835,-119.204153
01/02/2022,AQS,530050002,5,13,ug/m3 SC,12,KENNEWICK - METALINE,1,100,81102,PM10 Total 0-10um STP,28420,"Kennewick-Richland, WA",53,Washington,5,Benton,46.21835,-119.204153
01/03/2022,AQS,530050002,5,11,ug/m3 SC,10,KENNEWICK - METALINE,1,100,81102,PM10 Total 0-10um STP,28420,"Kennewick-Richland, WA",53,Washington,5,Benton,46.21835,-119.204153
01/04/2022,AQS,530050002,5,10,ug/m3 SC,9,KENNEWICK - METALINE,1,100,81102,PM10 Total 0-10um STP,28420,"Kennewick-Richland, WA",53,Washington,5,Benton,46.21835,-119.204153
01/05/2022,AQS,530050002,5,9,ug/m3 SC,8,KENNEWICK - METALINE,1,100,81102,PM10 Total 0-10um STP,28420,"Kennewick-Richland, WA",53,Washington,5,Benton,46.21835,-119.204153
01/06/2022,AQS,530050002,5,7,ug/m3 SC,6,KENNEWICK - METALINE,1,100,81102,PM10 Total 0-10um STP,28420,"Kennewick-Richland, WA",53,Washington,5,Benton,46.21835,-119.204153
01/07/2022,AQS,530050002,5,5,ug/m3 SC,5,KENNEWICK - METALINE,1,100,81102,PM10 Total 0-10um STP,28420,"Kennewick-Richland, WA",53,Washington,5,Benton,46.21835,-119.204153
01/08/2022,AQS,530050002,5,6,ug/m3 SC,6,KENNEWICK - METALINE,1,100,81102,PM10 Total 0-10um STP,28420,"Kennewick-Richland, WA",53,Washington,5,Benton,46.21835,-119.204153
01/09/2022,AQS,530050002,5,7,ug/m3 SC,6,KENNEWICK - METALINE,1,100,81102,PM10 Total 0-10um STP,28420,"Kennewick-Richland, WA",53,Washington,5,Benton,46.21835,-119.204153
01/10/2022,AQS,530050002,5,15,ug/m3 SC,14,KENNEWICK - METALINE,1,100,81102,PM10 Total 0-10um STP,28420,"Kennewick-Richland, WA",53,Washington,5,Benton,46.21835,-119.204153
01/11/2022,AQS,530050002,5,21,ug/m3 SC,19,KENNEWICK - METALINE,1,100,81102,PM10 Total 0-10um STP,28420,"Kennewick-Richland, WA",53,Washington,5,Benton,46.21835,-119.204153
01/12/2022,AQS,530050002,5,22,ug/m3 SC,20,KENNEWICK - METALINE,1,100,81102,PM10 Total 0-10um STP,28420,"Kennewick-Richland, WA",53,Washington,5,Benton,46.21835,-119.204153
01/13/2022,AQS,530050002,5,21,ug/m3 SC,19,KENNEWICK - METALINE,1,100,81102,PM10 Total 0-10um STP,28420,"Kennewick-Richland, WA",53,Washington,5,Benton,46.21835,-119.204153
01/14/2022,AQS,530050002,5,13,ug/m3 SC,12,KENNEWICK - METALINE,1,100,81102,PM10 Total 0-10um STP,28420,"Kennewick-Richland, WA",53,Washington,5,Benton,46.21835,-119.204153
01/15/2022,AQS,530050002,5,7,ug/m3 SC,6,KENNEWICK - METALINE,1,100,81102,PM10 Total 0-10um STP,28420,"Kennewick-Richland, WA",53,Washington,5,Benton,46.21835,-119.204153
01/16/2022,AQS,530050002,5,5,ug/m3 SC,5,KENNEWICK - METALINE,1,100,81102,PM10 Total 0-10um STP,28420,"Kennewick-Richland, WA",53,Washington,5,Benton,46.21835,-119.204153
01/17/2022,AQS,530050002,5,15,ug/m3 SC,14,KENNEWICK - METALINE,1,100,81102,PM10 Total 0-10um STP,28420,"Kennewick-Richland, WA",53,Washington,5,Benton,46.21835,-119.204153
01/18/2022,AQS,530050002,5,7,ug/m3 SC,6,KENNEWICK - METALINE,1,100,81102,PM10 Total 0-10um STP,28420,"Kennewick-Richland, WA",53,Washington,5,Benton,46.21835,-119.204153
01/19/2022,AQS,530050002,5,9,ug/m3 SC,8,KENNEWICK - METALINE,1,100,81102,PM10 Total 0-10um STP,28420,"Kennewick-Richland, WA",53,Washington,5,Benton,46.21835,-119.204153
01/20/2022,AQS,530050002,5,8,ug/m3 SC,7,KENNEWICK - METALINE,1,100,81102,PM10 Total 0-10um STP,28420,"Kennewick-Richland, WA",53,Washington,5,Benton,46.21835,-119.204153
01/21/2022,AQS,530050002,5,7,ug/m3 SC,6,KENNEWICK - METALINE,1,100,81102,PM10 Total 0-10um STP,28420,"Kennewick-Richland, WA",53,Washington,5,Benton,46.21835,-119.204153
01/22/2022,AQS,530050002,5,9,ug/m3 SC,8,KENNEWICK - METALINE,1,100,81102,PM10 Total 0-10um STP,28420,"Kennewick-Richland, WA",53,Washington,5,Benton,46.21835,-119.204153
01/23/2022,AQS,530050002,5,6,ug/m3 SC,6,KENNEWICK - METALINE,1,100,81102,PM10 Total 0-10um STP,28420,"Kennewick-Richland, WA",53,Washington,5,Benton,46.21835,-119.204153
01/24/2022,AQS,530050002,5,9,ug/m3 SC,8,KENNEWICK - METALINE,1,100,81102,PM10 Total 0-10um STP,28420,"Kennewick-Richland, WA",53,Washington,5,Benton,46.21835,-119.204153
01/25/2022,AQS,530050002,5,13,ug/m3 SC,12,KENNEWICK - METALINE,1,100,81102,PM10 Total 0-10um STP,28420,"Kennewick-Richland, WA",53,Washington,5,Benton,46.21835,-119.204153
01/26/2022,AQS,530050002,5,8,ug/m3 SC,7,KENNEWICK - METALINE,1,100,81102,PM10 Total 0-10um STP,28420,"Kennewick-Richland, WA",53,Washington,5,Benton,46.21835,-119.204153
01/27/2022,AQS,530050002,5,7,ug/m3 SC,6,KENNEWICK - METALINE,1,100,81102,PM10 Total 0-10um STP,28420,"Kennewick-Richland, WA",53,Washington,5,Benton,46.21835,-119.204153
01/28/2022,AQS,530050002,5,11,ug/m3 SC,10,KENNEWICK - METALINE,1,100,81102,PM10 Total 0-10um STP,28420,"Kennewick-Richland, WA",53,Washington,5,Benton,46.21835,-119.204153
01/29/2022,AQS,530050002,5,16,ug/m3 SC,15,KENNEWICK - METALINE,1,100,81102,PM10 Total 0-10um STP,28420,"Kennewick-Richland, WA",53,Washington,5,Benton,46.21835,-119.204153
01/30/2022,AQS,530050002,5,16,ug/m3 SC,15,KENNEWICK - METALINE,1,100,81102,PM10 Total 0-10um STP,28420,"Kennewick-Richland, WA",53,Washington,5,Benton,46.21835,-119.204153
01/31/2022,AQS,530050002,5,7,ug/m3 SC,6,KENNEWICK - METALINE,1,100,81102,PM10 Total 0-10um STP,28420,"Kennewick-Richland, WA",53,Washington,5,Benton,46.21835,-119.204153
02/01/2022,AQS,530050002,5,6,ug/m3 SC,6,KENNEWICK - METALINE,1,100,81102,PM10 Total 0-10um STP,28420,"Kennewick-Richland, WA",53,Washington,5,Benton,46.21835,-119.204153
02/02/2022,AQS,530050002,5,12,ug/m3 SC,11,KENNEWICK - METALINE,1,100,81102,PM10 Total 0-10um STP,28420,"Kennewick-Richland, WA",53,Washington,5,Benton,46.21835,-119.204153
02/03/2022,AQS,530050002,5,13,ug/m3 SC,12,KENNEWICK - METALINE,1,100,81102,PM10 Total 0-10um STP,28420,"Kennewick-Richland, WA",53,Washington,5,Benton,46.21835,-119.204153
02/04/2022,AQS,530050002,5,18,ug/m3 SC,17,KENNEWICK - METALINE,1,100,81102,PM10 Total 0-10um STP,28420,"Kennewick-Richland, WA",53,Washington,5,Benton,46.21835,-119.204153
02/05/2022,AQS,530050002,5,8,ug/m3 SC,7,KENNEWICK - METALINE,1,100,81102,PM10 Total 0-10um STP,28420,"Kennewick-Richland, WA",53,Washington,5,Benton,46.21835,-119.204153
02/06/2022,AQS,530050002,5,16,ug/m3 SC,15,KENNEWICK - METALINE,1,100,81102,PM10 Total 0-10um STP,28420,"Kennewick-Richland, WA",53,Washington,5,Benton,46.21835,-119.204153
02/07/2022,AQS,530050002,5,22,ug/m3 SC,20,KENNEWICK - METALINE,1,100,81102,PM10 Total 0-10um STP,28420,"Kennewick-Richland, WA",53,Washington,5,Benton,46.21835,-119.204153
02/08/2022,AQS,530050002,5,8,ug/m3 SC,7,KENNEWICK - METALINE,1,100,81102,PM10 Total 0-10um STP,28420,"Kennewick-Richland, WA",53,Washington,5,Benton,46.21835,-119.204153
02/09/2022,AQS,530050002,5,19,ug/m3 SC,18,KENNEWICK - METALINE,1,100,81102,PM10 Total 0-10um STP,28420,"Kennewick-Richland, WA",53,Washington,5,Benton,46.21835,-119.204153
02/10/2022,AQS,530050002,5,14,ug/m3 SC,13,KENNEWICK - METALINE,1,100,81102,PM10 Total 0-10um STP,28420,"Kennewick-Richland, WA",53,Washington,5,Benton,46.21835,-119.204153
02/11/2022,AQS,530050002,5,14,ug/m3 SC,13,KENNEWICK - METALINE,1,100,81102,PM10 Total 0-10um STP,28420,"Kennewick-Richland, WA",53,Washington,5,Benton,46.21835,-119.204153
02/12/2022,AQS,530050002,5,10,ug/m3 SC,9,KENNEWICK - METALINE,1,100,81102,PM10 Total 0-10um STP,28420,"Kennewick-Richland, WA",53,Washington,5,Benton,46.21835,-119.204153
02/13/2022,AQS,530050002,5,13,ug/m3 SC,12,KENNEWICK - METALINE,1,100,81102,PM10 Total 0-10um STP,28420,"Kennewick-Richland, WA",53,Washington,5,Benton,46.21835,-119.204153
02/14/2022,AQS,530050002,5,18,ug/m3 SC,17,KENNEWICK - METALINE,1,100,81102,PM10 Total 0-10um STP,28420,"Kennewick-Richland, WA",53,Washington,5,Benton,46.21835,-119.204153
02/15/2022,AQS,530050002,5,8,ug/m3 SC,7,KENNEWICK - METALINE,1,100,81102,PM10 Total 0-10um STP,28420,"Kennewick-Richland, WA",53,Washington,5,Benton,46.21835,-119.204153
02/16/2022,AQS,530050002,5,9,ug/m3 SC,8,KENNEWICK - METALINE,1,100,81102,PM10 Total 0-10um STP,28420,"Kennewick-Richland, WA",53,Washington,5,Benton,46.21835,-119.204153
02/17/2022,AQS,530050002,5,15,ug/m3 SC,14,KENNEWICK - METALINE,1,100,81102,PM10 Total 0-10um STP,28420,"Kennewick-Richland, WA",53,Washington,5,Benton,46.21835,-119.204153
02/18/2022,AQS,530050002,5,11,ug/m3 SC,10,KENNEWICK - METALINE,1,100,81102,PM10 Total 0-10um STP,28420,"Kennewick-Richland, WA",53,Washington,5,Benton,46.21835,-119.204153
02/19/2022,AQS,530050002,5,25,ug/m3 SC,23,KENNEWICK - METALINE,1,100,81102,PM10 Total 0-10um STP,28420,"Kennewick-Richland, WA",53,Washington,5,Benton,46.21835,-119.204153
02/20/2022,AQS,530050002,5,4,ug/m3 SC,4,KENNEWICK - METALINE,1,100,81102,PM10 Total 0-10um STP,28420,"Kennewick-Richland, WA",53,Washington,5,Benton,46.21835,-119.204153
02/21/2022,AQS,530050002,5,17,ug/m3 SC,16,KENNEWICK - METALINE,1,100,81102,PM10 Total 0-10um STP,28420,"Kennewick-Richland, WA",53,Washington,5,Benton,46.21835,-119.204153
02/22/2022,AQS,530050002,5,23,ug/m3 SC,21,KENNEWICK - METALINE,1,100,81102,PM10 Total 0-10um STP,28420,"Kennewick-Richland, WA",53,Washington,5,Benton,46.21835,-119.204153
02/23/2022,AQS,530050002,5,9,ug/m3 SC,8,KENNEWICK - METALINE,1,100,81102,PM10 Total 0-10um STP,28420,"Kennewick-Richland, WA",53,Washington,5,Benton,46.21835,-119.204153
02/24/2022,AQS,530050002,5,8,ug/m3 SC,7,KENNEWICK - METALINE,1,100,81102,PM10 Total 0-10um STP,28420,"Kennewick-Richland, WA",53,Washington,5,Benton,46.21835,-119.204153
02/25/2022,AQS,530050002,5,14,ug/m3 SC,13,KENNEWICK - METALINE,1,100,81102,PM10 Total 0-10um STP,28420,"Kennewick-Richland, WA",53,Washington,5,Benton,46.21835,-119.204153
02/26/2022,AQS,530050002,5,14,ug/m3 SC,13,KENNEWICK - METALINE,1,100,81102,PM10 Total 0-10um STP,28420,"Kennewick-Richland, WA",53,Washington,5,Benton,46.21835,-119.204153
02/27/2022,AQS,530050002,5,17,ug/m3 SC,16,KENNEWICK - METALINE,1,100,81102,PM10 Total 0-10um STP,28420,"Kennewick-Richland, WA",53,Washington,5,Benton,46.21835,-119.204153
02/28/2022,AQS,530050002,5,9,ug/m3 SC,8,KENNEWICK - METALINE,1,100,81102,PM10 Total 0-10um STP,28420,"Kennewick-Richland, WA",53,Washington,5,Benton,46.21835,-119.204153
03/01/2022,AQS,530050002,5,5,ug/m3 SC,5,KENNEWICK - METALINE,1,100,81102,PM10 Total 0-10um STP,28420,"Kennewick-Richland, WA",53,Washington,5,Benton,46.21835,-119.204153
03/02/2022,AQS,530050002,5,7,ug/m3 SC,6,KENNEWICK - METALINE,1,100,81102,PM10 Total 0-10um STP,28420,"Kennewick-Richland, WA",53,Washington,5,Benton,46.21835,-119.204153
03/03/2022,AQS,530050002,5,6,ug/m3 SC,6,KENNEWICK - METALINE,1,100,81102,PM10 Total 0-10um STP,28420,"Kennewick-Richland, WA",53,Washington,5,Benton,46.21835,-119.204153
03/04/2022,AQS,530050002,5,6,ug/m3 SC,6,KENNEWICK - METALINE,1,100,81102,PM10 Total 0-10um STP,28420,"Kennewick-Richland, WA",53,Washington,5,Benton,46.21835,-119.204153
03/05/2022,AQS,530050002,5,7,ug/m3 SC,6,KENNEWICK - METALINE,1,100,81102,PM10 Total 0-10um STP,28420,"Kennewick-Richland, WA",53,Washington,5,Benton,46.21835,-119.204153
03/06/2022,AQS,530050002,5,8,ug/m3 SC,7,KENNEWICK - METALINE,1,100,81102,PM10 Total 0-10um STP,28420,"Kennewick-Richland, WA",53,Washington,5,Benton,46.21835,-119.204153
03/07/2022,AQS,530050002,5,13,ug/m3 SC,12,KENNEWICK - METALINE,1,100,81102,PM10 Total 0-10um STP,28420,"Kennewick-Richland, WA",53,Washington,5,Benton,46.21835,-119.204153
03/08/2022,AQS,530050002,5,6,ug/m3 SC,6,KENNEWICK - METALINE,1,100,81102,PM10 Total 0-10um STP,28420,"Kennewick-Richland, WA",53,Washington,5,Benton,46.21835,-119.204153
03/09/2022,AQS,530050002,5,8,ug/m3 SC,7,KENNEWICK - METALINE,1,100,81102,PM10 Total 0-10um STP,28420,"Kennewick-Richland, WA",53,Washington,5,Benton,46.21835,-119.204153
03/10/2022,AQS,530050002,5,11,ug/m3 SC,10,KENNEWICK - METALINE,1,100,81102,PM10 Total 0-10um STP,28420,"Kennewick-Richland, WA",53,Washington,5,Benton,46.21835,-119.204153
03/11/2022,AQS,530050002,5,23,ug/m3 SC,21,KENNEWICK - METALINE,1,100,81102,PM10 Total 0-10um STP,28420,"Kennewick-Richland, WA",53,Washington,5,Benton,46.21835,-119.204153
03/12/2022,AQS,530050002,5,19,ug/m3 SC,18,KENNEWICK - METALINE,1,100,81102,PM10 Total 0-10um STP,28420,"Kennewick-Richland, WA",53,Washington,5,Benton,46.21835,-119.204153
03/13/2022,AQS,530050002,5,19,ug/m3 SC,18,KENNEWICK - METALINE,1,100,81102,PM10 Total 0-10um STP,28420,"Kennewick-Richland, WA",53,Washington,5,Benton,46.21835,-119.204153
03/14/2022,AQS,530050002,5,9,ug/m3 SC,8,KENNEWICK - METALINE,1,100,81102,PM10 Total 0-10um STP,28420,"Kennewick-Richland, WA",53,Washington,5,Benton,46.21835,-119.204153
03/15/2022,AQS,530050002,5,18,ug/m3 SC,17,KENNEWICK - METALINE,1,100,81102,PM10 Total 0-10um STP,28420,"Kennewick-Richland, WA",53,Washington,5,Benton,46.21835,-119.204153
03/16/2022,AQS,530050002,5,6,ug/m3 SC,6,KENNEWICK - METALINE,1,100,81102,PM10 Total 0-10um STP,28420,"Kennewick-Richland, WA",53,Washington,5,Benton,46.21835,-119.204153
03/17/2022,AQS,530050002,5,12,ug/m3 SC,11,KENNEWICK - METALINE,1,100,81102,PM10 Total 0-10um STP,28420,"Kennewick-Richland, WA",53,Washington,5,Benton,46.21835,-119.204153
03/18/2022,AQS,530050002,5,8,ug/m3 SC,7,KENNEWICK - METALINE,1,100,81102,PM10 Total 0-10um STP,28420,"Kennewick-Richland, WA",53,Washington,5,Benton,46.21835,-119.204153
03/19/2022,AQS,530050002,5,11,ug/m3 SC,10,KENNEWICK - METALINE,1,100,81102,PM10 Total 0-10um STP,28420,"Kennewick-Richland, WA",53,Washington,5,Benton,46.21835,-119.204153
03/20/2022,AQS,530050002,5,4,ug/m3 SC,4,KENNEWICK - METALINE,1,100,81102,PM10 Total 0-10um STP,28420,"Kennewick-Richland, WA",53,Washington,5,Benton,46.21835,-119.204153
03/21/2022,AQS,530050002,5,6,ug/m3 SC,6,KENNEWICK - METALINE,1,100,81102,PM10 Total 0-10um STP,28420,"Kennewick-Richland, WA",53,Washington,5,Benton,46.21835,-119.204153
03/22/2022,AQS,530050002,5,10,ug/m3 SC,9,KENNEWICK - METALINE,1,100,81102,PM10 Total 0-10um STP,28420,"Kennewick-Richland, WA",53,Washington,5,Benton,46.21835,-119.204153
03/23/2022,AQS,530050002,5,15,ug/m3 SC,14,KENNEWICK - METALINE,1,100,81102,PM10 Total 0-10um STP,28420,"Kennewick-Richland, WA",53,Washington,5,Benton,46.21835,-119.204153
03/24/2022,AQS,530050002,5,10,ug/m3 SC,9,KENNEWICK - METALINE,1,100,81102,PM10 Total 0-10um STP,28420,"Kennewick-Richland, WA",53,Washington,5,Benton,46.21835,-119.204153
03/25/2022,AQS,530050002,5,15,ug/m3 SC,14,KENNEWICK - METALINE,1,100,81102,PM10 Total 0-10um STP,28420,"Kennewick-Richland, WA",53,Washington,5,Benton,46.21835,-119.204153
03/26/2022,AQS,530050002,5,20,ug/m3 SC,19,KENNEWICK - METALINE,1,100,81102,PM10 Total 0-10um STP,28420,"Kennewick-Richland, WA",53,Washington,5,Benton,46.21835,-119.204153
03/27/2022,AQS,530050002,5,18,ug/m3 SC,17,KENNEWICK - METALINE,1,100,81102,PM10 Total 0-10um STP,28420,"Kennewick-Richland, WA",53,Washington,5,Benton,46.21835,-119.204153
03/28/2022,AQS,530050002,5,19,ug/m3 SC,18,KENNEWICK - METALINE,1,100,81102,PM10 Total 0-10um STP,28420,"Kennewick-Richland, WA",53,Washington,5,Benton,46.21835,-119.204153
03/29/2022,AQS,530050002,5,11,ug/m3 SC,10,KENNEWICK - METALINE,1,100,81102,PM10 Total 0-10um STP,28420,"Kennewick-Richland, WA",53,Washington,5,Benton,46.21835,-119.204153
03/30/2022,AQS,530050002,5,21,ug/m3 SC,19,KENNEWICK - METALINE,1,100,81102,PM10 Total 0-10um STP,28420,"Kennewick-Richland, WA",53,Washington,5,Benton,46.21835,-119.204153
03/31/2022,AQS,530050002,5,8,ug/m3 SC,7,KENNEWICK - METALINE,1,100,81102,PM10 Total 0-10um STP,28420,"Kennewick-Richland, WA",53,Washington,5,Benton,46.21835,-119.204153
04/01/2022,AQS,530050002,5,14,ug/m3 SC,13,KENNEWICK - METALINE,1,100,81102,PM10 Total 0-10um STP,28420,"Kennewick-Richland, WA",53,Washington,5,Benton,46.21835,-119.204153
04/02/2022,AQS,530050002,5,6,ug/m3 SC,6,KENNEWICK - METALINE,1,100,81102,PM10 Total 0-10um STP,28420,"Kennewick-Richland, WA",53,Washington,5,Benton,46.21835,-119.204153
04/03/2022,AQS,530050002,5,10,ug/m3 SC,9,KENNEWICK - METALINE,1,100,81102,PM10 Total 0-10um STP,28420,"Kennewick-Richland, WA",53,Washington,5,Benton,46.21835,-119.204153
04/04/2022,AQS,530050002,5,153,ug/m3 SC,100,KENNEWICK - METALINE,1,100,81102,PM10 Total 0-10um STP,28420,"Kennewick-Richland, WA",53,Washington,5,Benton,46.21835,-119.204153
04/05/2022,AQS,530050002,5,17,ug/m3 SC,16,KENNEWICK - METALINE,1,100,81102,PM10 Total 0-10um STP,28420,"Kennewick-Richland, WA",53,Washington,5,Benton,46.21835,-119.204153
04/06/2022,AQS,530050002,5,12,ug/m3 SC,11,KENNEWICK - METALINE,1,100,81102,PM10 Total 0-10um STP,28420,"Kennewick-Richland, WA",53,Washington,5,Benton,46.21835,-119.204153
04/07/2022,AQS,530050002,5,19,ug/m3 SC,18,KENNEWICK - METALINE,1,100,81102,PM10 Total 0-10um STP,28420,"Kennewick-Richland, WA",53,Washington,5,Benton,46.21835,-119.204153
04/08/2022,AQS,530050002,5,48,ug/m3 SC,44,KENNEWICK - METALINE,1,100,81102,PM10 Total 0-10um STP,28420,"Kennewick-Richland, WA",53,Washington,5,Benton,46.21835,-119.204153
04/09/2022,AQS,530050002,5,8,ug/m3 SC,7,KENNEWICK - METALINE,1,100,81102,PM10 Total 0-10um STP,28420,"Kennewick-Richland, WA",53,Washington,5,Benton,46.21835,-119.204153
04/10/2022,AQS,530050002,5,6,ug/m3 SC,6,KENNEWICK - METALINE,1,100,81102,PM10 Total 0-10um STP,28420,"Kennewick-Richland, WA",53,Washington,5,Benton,46.21835,-119.204153
04/11/2022,AQS,530050002,5,3,ug/m3 SC,3,KENNEWICK - METALINE,1,100,81102,PM10 Total 0-10um STP,28420,"Kennewick-Richland, WA",53,Washington,5,Benton,46.21835,-119.204153
04/12/2022,AQS,530050002,5,5,ug/m3 SC,5,KENNEWICK - METALINE,1,100,81102,PM10 Total 0-10um STP,28420,"Kennewick-Richland, WA",53,Washington,5,Benton,46.21835,-119.204153
04/13/2022,AQS,530050002,5,8,ug/m3 SC,7,KENNEWICK - METALINE,1,100,81102,PM10 Total 0-10um STP,28420,"Kennewick-Richland, WA",53,Washington,5,Benton,46.21835,-119.204153
04/14/2022,AQS,530050002,5,9,ug/m3 SC,8,KENNEWICK - METALINE,1,100,81102,PM10 Total 0-10um STP,28420,"Kennewick-Richland, WA",53,Washington,5,Benton,46.21835,-119.204153
04/15/2022,AQS,530050002,5,7,ug/m3 SC,6,KENNEWICK - METALINE,1,100,81102,PM10 Total 0-10um STP,28420,"Kennewick-Richland, WA",53,Washington,5,Benton,46.21835,-119.204153
04/16/2022,AQS,530050002,5,4,ug/m3 SC,4,KENNEWICK - METALINE,1,100,81102,PM10 Total 0-10um STP,28420,"Kennewick-Richland, WA",53,Washington,5,Benton,46.21835,-119.204153
04/17/2022,AQS,530050002,5,3,ug/m3 SC,3,KENNEWICK - METALINE,1,100,81102,PM10 Total 0-10um STP,28420,"Kennewick-Richland, WA",53,Washington,5,Benton,46.21835,-119.204153
04/18/2022,AQS,530050002,5,6,ug/m3 SC,6,KENNEWICK - METALINE,1,100,81102,PM10 Total 0-10um STP,28420,"Kennewick-Richland, WA",53,Washington,5,Benton,46.21835,-119.204153
04/19/2022,AQS,530050002,5,5,ug/m3 SC,5,KENNEWICK - METALINE,1,100,81102,PM10 Total 0-10um STP,28420,"Kennewick-Richland, WA",53,Washington,5,Benton,46.21835,-119.204153
04/20/2022,AQS,530050002,5,6,ug/m3 SC,6,KENNEWICK - METALINE,1,100,81102,PM10 Total 0-10um STP,28420,"Kennewick-Richland, WA",53,Washington,5,Benton,46.21835,-119.204153
04/21/2022,AQS,530050002,5,6,ug/m3 SC,6,KENNEWICK - METALINE,1,100,81102,PM10 Total 0-10um STP,28420,"Kennewick-Richland, WA",53,Washington,5,Benton,46.21835,-119.204153
04/22/2022,AQS,530050002,5,6,ug/m3 SC,6,KENNEWICK - METALINE,1,100,81102,PM10 Total 0-10um STP,28420,"Kennewick-Richland, WA",53,Washington,5,Benton,46.21835,-119.204153
04/23/2022,AQS,530050002,5,5,ug/m3 SC,5,KENNEWICK - METALINE,1,100,81102,PM10 Total 0-10um STP,28420,"Kennewick-Richland, WA",53,Washington,5,Benton,46.21835,-119.204153
04/24/2022,AQS,530050002,5,10,ug/m3 SC,9,KENNEWICK - METALINE,1,100,81102,PM10 Total 0-10um STP,28420,"Kennewick-Richland, WA",53,Washington,5,Benton,46.21835,-119.204153
04/25/2022,AQS,530050002,5,13,ug/m3 SC,12,KENNEWICK - METALINE,1,100,81102,PM10 Total 0-10um STP,28420,"Kennewick-Richland, WA",53,Washington,5,Benton,46.21835,-119.204153
04/26/2022,AQS,530050002,5,14,ug/m3 SC,13,KENNEWICK - METALINE,1,100,81102,PM10 Total 0-10um STP,28420,"Kennewick-Richland, WA",53,Washington,5,Benton,46.21835,-119.204153
04/27/2022,AQS,530050002,5,8,ug/m3 SC,7,KENNEWICK - METALINE,1,100,81102,PM10 Total 0-10um STP,28420,"Kennewick-Richland, WA",53,Washington,5,Benton,46.21835,-119.204153
04/28/2022,AQS,530050002,5,11,ug/m3 SC,10,KENNEWICK - METALINE,1,100,81102,PM10 Total 0-10um STP,28420,"Kennewick-Richland, WA",53,Washington,5,Benton,46.21835,-119.204153
04/29/2022,AQS,530050002,5,9,ug/m3 SC,8,KENNEWICK - METALINE,1,100,81102,PM10 Total 0-10um STP,28420,"Kennewick-Richland, WA",53,Washington,5,Benton,46.21835,-119.204153
04/30/2022,AQS,530050002,5,6,ug/m3 SC,6,KENNEWICK - METALINE,1,100,81102,PM10 Total 0-10um STP,28420,"Kennewick-Richland, WA",53,Washington,5,Benton,46.21835,-119.204153
05/01/2022,AQS,530050002,5,4,ug/m3 SC,4,KENNEWICK - METALINE,1,100,81102,PM10 Total 0-10um STP,28420,"Kennewick-Richland, WA",53,Washington,5,Benton,46.21835,-119.204153
05/02/2022,AQS,530050002,5,4,ug/m3 SC,4,KENNEWICK - METALINE,1,100,81102,PM10 Total 0-10um STP,28420,"Kennewick-Richland, WA",53,Washington,5,Benton,46.21835,-119.204153
05/03/2022,AQS,530050002,5,6,ug/m3 SC,6,KENNEWICK - METALINE,1,100,81102,PM10 Total 0-10um STP,28420,"Kennewick-Richland, WA",53,Washington,5,Benton,46.21835,-119.204153
05/04/2022,AQS,530050002,5,9,ug/m3 SC,8,KENNEWICK - METALINE,1,100,81102,PM10 Total 0-10um STP,28420,"Kennewick-Richland, WA",53,Washington,5,Benton,46.21835,-119.204153
05/05/2022,AQS,530050002,5,8,ug/m3 SC,7,KENNEWICK - METALINE,1,100,81102,PM10 Total 0-10um STP,28420,"Kennewick-Richland, WA",53,Washington,5,Benton,46.21835,-119.204153
05/06/2022,AQS,530050002,5,4,ug/m3 SC,4,KENNEWICK - METALINE,1,100,81102,PM10 Total 0-10um STP,28420,"Kennewick-Richland, WA",53,Washington,5,Benton,46.21835,-119.204153
05/07/2022,AQS,530050002,5,10,ug/m3 SC,9,KENNEWICK - METALINE,1,100,81102,PM10 Total 0-10um STP,28420,"Kennewick-Richland, WA",53,Washington,5,Benton,46.21835,-119.204153
05/08/2022,AQS,530050002,5,3,ug/m3 SC,3,KENNEWICK - METALINE,1,100,81102,PM10 Total 0-10um STP,28420,"Kennewick-Richland, WA",53,Washington,5,Benton,46.21835,-119.204153
05/09/2022,AQS,530050002,5,7,ug/m3 SC,6,KENNEWICK - METALINE,1,100,81102,PM10 Total 0-10um STP,28420,"Kennewick-Richland, WA",53,Washington,5,Benton,46.21835,-119.204153
05/10/2022,AQS,530050002,5,7,ug/m3 SC,6,KENNEWICK - METALINE,1,100,81102,PM10 Total 0-10um STP,28420,"Kennewick-Richland, WA",53,Washington,5,Benton,46.21835,-119.204153
05/11/2022,AQS,530050002,5,9,ug/m3 SC,8,KENNEWICK - METALINE,1,100,81102,PM10 Total 0-10um STP,28420,"Kennewick-Richland, WA",53,Washington,5,Benton,46.21835,-119.204153
05/12/2022,AQS,530050002,5,12,ug/m3 SC,11,KENNEWICK - METALINE,1,100,81102,PM10 Total 0-10um STP,28420,"Kennewick-Richland, WA",53,Washington,5,Benton,46.21835,-119.204153
05/13/2022,AQS,530050002,5,7,ug/m3 SC,6,KENNEWICK - METALINE,1,100,81102,PM10 Total 0-10um STP,28420,"Kennewick-Richland, WA",53,Washington,5,Benton,46.21835,-119.204153
05/14/2022,AQS,530050002,5,6,ug/m3 SC,6,KENNEWICK - METALINE,1,100,81102,PM10 Total 0-10um STP,28420,"Kennewick-Richland, WA",53,Washington,5,Benton,46.21835,-119.204153
05/15/2022,AQS,530050002,5,7,ug/m3 SC,6,KENNEWICK - METALINE,1,100,81102,PM10 Total 0-10um STP,28420,"Kennewick-Richland, WA",53,Washington,5,Benton,46.21835,-119.204153
05/16/2022,AQS,530050002,5,11,ug/m3 SC,10,KENNEWICK - METALINE,1,100,81102,PM10 Total 0-10um STP,28420,"Kennewick-Richland, WA",53,Washington,5,Benton,46.21835,-119.204153
05/17/2022,AQS,530050002,5,9,ug/m3 SC,8,KENNEWICK - METALINE,1,100,81102,PM10 Total 0-10um STP,28420,"Kennewick-Richland, WA",53,Washington,5,Benton,46.21835,-119.204153
05/18/2022,AQS,530050002,5,41,ug/m3 SC,38,KENNEWICK - METALINE,1,100,81102,PM10 Total 0-10um STP,28420,"Kennewick-Richland, WA",53,Washington,5,Benton,46.21835,-119.204153
05/19/2022,AQS,530050002,5,10,ug/m3 SC,9,KENNEWICK - METALINE,1,100,81102,PM10 Total 0-10um STP,28420,"Kennewick-Richland, WA",53,Washington,5,Benton,46.21835,-119.204153
05/20/2022,AQS,530050002,5,10,ug/m3 SC,9,KENNEWICK - METALINE,1,100,81102,PM10 Total 0-10um STP,28420,"Kennewick-Richland, WA",53,Washington,5,Benton,46.21835,-119.204153
05/21/2022,AQS,530050002,5,8,ug/m3 SC,7,KENNEWICK - METALINE,1,100,81102,PM10 Total 0-10um STP,28420,"Kennewick-Richland, WA",53,Washington,5,Benton,46.21835,-119.204153
05/22/2022,AQS,530050002,5,8,ug/m3 SC,7,KENNEWICK - METALINE,1,100,81102,PM10 Total 0-10um STP,28420,"Kennewick-Richland, WA",53,Washington,5,Benton,46.21835,-119.204153
05/23/2022,AQS,530050002,5,14,ug/m3 SC,13,KENNEWICK - METALINE,1,100,81102,PM10 Total 0-10um STP,28420,"Kennewick-Richland, WA",53,Washington,5,Benton,46.21835,-119.204153
05/24/2022,AQS,530050002,5,14,ug/m3 SC,13,KENNEWICK - METALINE,1,100,81102,PM10 Total 0-10um STP,28420,"Kennewick-Richland, WA",53,Washington,5,Benton,46.21835,-119.204153
05/25/2022,AQS,530050002,5,11,ug/m3 SC,10,KENNEWICK - METALINE,1,100,81102,PM10 Total 0-10um STP,28420,"Kennewick-Richland, WA",53,Washington,5,Benton,46.21835,-119.204153
05/26/2022,AQS,530050002,5,17,ug/m3 SC,16,KENNEWICK - METALINE,1,100,81102,PM10 Total 0-10um STP,28420,"Kennewick-Richland, WA",53,Washington,5,Benton,46.21835,-119.204153
05/27/2022,AQS,530050002,5,10,ug/m3 SC,9,KENNEWICK - METALINE,1,100,81102,PM10 Total 0-10um STP,28420,"Kennewick-Richland, WA",53,Washington,5,Benton,46.21835,-119.204153
05/28/2022,AQS,530050002,5,9,ug/m3 SC,8,KENNEWICK - METALINE,1,100,81102,PM10 Total 0-10um STP,28420,"Kennewick-Richland, WA",53,Washington,5,Benton,46.21835,-119.204153
05/29/2022,AQS,530050002,5,12,ug/m3 SC,11,KENNEWICK - METALINE,1,100,81102,PM10 Total 0-10um STP,28420,"Kennewick-Richland, WA",53,Washington,5,Benton,46.21835,-119.204153
05/30/2022,AQS,530050002,5,7,ug/m3 SC,6,KENNEWICK - METALINE,1,100,81102,PM10 Total 0-10um STP,28420,"Kennewick-Richland, WA",53,Washington,5,Benton,46.21835,-119.204153
05/31/2022,AQS,530050002,5,11,ug/m3 SC,10,KENNEWICK - METALINE,1,100,81102,PM10 Total 0-10um STP,28420,"Kennewick-Richland, WA",53,Washington,5,Benton,46.21835,-119.204153
06/01/2022,AQS,530050002,5,19,ug/m3 SC,18,KENNEWICK - METALINE,1,100,81102,PM10 Total 0-10um STP,28420,"Kennewick-Richland, WA",53,Washington,5,Benton,46.21835,-119.204153
06/02/2022,AQS,530050002,5,21,ug/m3 SC,19,KENNEWICK - METALINE,1,100,81102,PM10 Total 0-10um STP,28420,"Kennewick-Richland, WA",53,Washington,5,Benton,46.21835,-119.204153
06/03/2022,AQS,530050002,5,11,ug/m3 SC,10,KENNEWICK - METALINE,1,100,81102,PM10 Total 0-10um STP,28420,"Kennewick-Richland, WA",53,Washington,5,Benton,46.21835,-119.204153
06/04/2022,AQS,530050002,5,3,ug/m3 SC,3,KENNEWICK - METALINE,1,100,81102,PM10 Total 0-10um STP,28420,"Kennewick-Richland, WA",53,Washington,5,Benton,46.21835,-119.204153
06/05/2022,AQS,530050002,5,13,ug/m3 SC,12,KENNEWICK - METALINE,1,100,81102,PM10 Total 0-10um STP,28420,"Kennewick-Richland, WA",53,Washington,5,Benton,46.21835,-119.204153
06/06/2022,AQS,530050002,5,8,ug/m3 SC,7,KENNEWICK - METALINE,1,100,81102,PM10 Total 0-10um STP,28420,"Kennewick-Richland, WA",53,Washington,5,Benton,46.21835,-119.204153
06/07/2022,AQS,530050002,5,11,ug/m3 SC,10,KENNEWICK - METALINE,1,100,81102,PM10 Total 0-10um STP,28420,"Kennewick-Richland, WA",53,Washington,5,Benton,46.21835,-119.204153
06/08/2022,AQS,530050002,5,14,ug/m3 SC,13,KENNEWICK - METALINE,1,100,81102,PM10 Total 0-10um STP,28420,"Kennewick-Richland, WA",53,Washington,5,Benton,46.21835,-119.204153
06/09/2022,AQS,530050002,5,16,ug/m3 SC,15,KENNEWICK - METALINE,1,100,81102,PM10 Total 0-10um STP,28420,"Kennewick-Richland, WA",53,Washington,5,Benton,46.21835,-119.204153
06/10/2022,AQS,530050002,5,6,ug/m3 SC,6,KENNEWICK - METALINE,1,100,81102,PM10 Total 0-10um STP,28420,"Kennewick-Richland, WA",53,Washington,5,Benton,46.21835,-119.204153
06/11/2022,AQS,530050002,5,9,ug/m3 SC,8,KENNEWICK - METALINE,1,100,81102,PM10 Total 0-10um STP,28420,"Kennewick-Richland, WA",53,Washington,5,Benton,46.21835,-119.204153
06/12/2022,AQS,530050002,5,5,ug/m3 SC,5,KENNEWICK - METALINE,1,100,81102,PM10 Total 0-10um STP,28420,"Kennewick-Richland, WA",53,Washington,5,Benton,46.21835,-119.204153
06/13/2022,AQS,530050002,5,24,ug/m3 SC,22,KENNEWICK - METALINE,1,100,81102,PM10 Total 0-10um STP,28420,"Kennewick-Richland, WA",53,Washington,5,Benton,46.21835,-119.204153
06/14/2022,AQS,530050002,5,14,ug/m3 SC,13,KENNEWICK - METALINE,1,100,81102,PM10 Total 0-10um STP,28420,"Kennewick-Richland, WA",53,Washington,5,Benton,46.21835,-119.204153
06/15/2022,AQS,530050002,5,11,ug/m3 SC,10,KENNEWICK - METALINE,1,100,81102,PM10 Total 0-10um STP,28420,"Kennewick-Richland, WA",53,Washington,5,Benton,46.21835,-119.204153
06/16/2022,AQS,530050002,5,14,ug/m3 SC,13,KENNEWICK - METALINE,1,100,81102,PM10 Total 0-10um STP,28420,"Kennewick-Richland, WA",53,Washington,5,Benton,46.21835,-119.204153
06/17/2022,AQS,530050002,5,16,ug/m3 SC,15,KENNEWICK - METALINE,1,100,81102,PM10 Total 0-10um STP,28420,"Kennewick-Richland, WA",53,Washington,5,Benton,46.21835,-119.204153
06/18/2022,AQS,530050002,5,7,ug/m3 SC,6,KENNEWICK - METALINE,1,100,81102,PM10 Total 0-10um STP,28420,"Kennewick-Richland, WA",53,Washington,5,Benton,46.21835,-119.204153
06/19/2022,AQS,530050002,5,7,ug/m3 SC,6,KENNEWICK - METALINE,1,100,81102,PM10 Total 0-10um STP,28420,"Kennewick-Richland, WA",53,Washington,5,Benton,46.21835,-119.204153
06/20/2022,AQS,530050002,5,9,ug/m3 SC,8,KENNEWICK - METALINE,1,100,81102,PM10 Total 0-10um STP,28420,"Kennewick-Richland, WA",53,Washington,5,Benton,46.21835,-119.204153
06/21/2022,AQS,530050002,5,13,ug/m3 SC,12,KENNEWICK - METALINE,1,100,81102,PM10 Total 0-10um STP,28420,"Kennewick-Richland, WA",53,Washington,5,Benton,46.21835,-119.204153
06/22/2022,AQS,530050002,5,20,ug/m3 SC,19,KENNEWICK - METALINE,1,100,81102,PM10 Total 0-10um STP,28420,"Kennewick-Richland, WA",53,Washington,5,Benton,46.21835,-119.204153
06/23/2022,AQS,530050002,5,15,ug/m3 SC,14,KENNEWICK - METALINE,1,100,81102,PM10 Total 0-10um STP,28420,"Kennewick-Richland, WA",53,Washington,5,Benton,46.21835,-119.204153
06/24/2022,AQS,530050002,5,14,ug/m3 SC,13,KENNEWICK - METALINE,1,100,81102,PM10 Total 0-10um STP,28420,"Kennewick-Richland, WA",53,Washington,5,Benton,46.21835,-119.204153
06/25/2022,AQS,530050002,5,14,ug/m3 SC,13,KENNEWICK - METALINE,1,100,81102,PM10 Total 0-10um STP,28420,"Kennewick-Richland, WA",53,Washington,5,Benton,46.21835,-119.204153
06/26/2022,AQS,530050002,5,16,ug/m3 SC,15,KENNEWICK - METALINE,1,100,81102,PM10 Total 0-10um STP,28420,"Kennewick-Richland, WA",53,Washington,5,Benton,46.21835,-119.204153
06/27/2022,AQS,530050002,5,27,ug/m3 SC,25,KENNEWICK - METALINE,1,100,81102,PM10 Total 0-10um STP,28420,"Kennewick-Richland, WA",53,Washington,5,Benton,46.21835,-119.204153
06/28/2022,AQS,530050002,5,69,ug/m3 SC,58,KENNEWICK - METALINE,1,100,81102,PM10 Total 0-10um STP,28420,"Kennewick-Richland, WA",53,Washington,5,Benton,46.21835,-119.204153
06/29/2022,AQS,530050002,5,14,ug/m3 SC,13,KENNEWICK - METALINE,1,100,81102,PM10 Total 0-10um STP,28420,"Kennewick-Richland, WA",53,Washington,5,Benton,46.21835,-119.204153
06/30/2022,AQS,530050002,5,15,ug/m3 SC,14,KENNEWICK - METALINE,1,100,81102,PM10 Total 0-10um STP,28420,"Kennewick-Richland, WA",53,Washington,5,Benton,46.21835,-119.204153
07/01/2022,AQS,530050002,5,20,ug/m3 SC,19,KENNEWICK - METALINE,1,100,81102,PM10 Total 0-10um STP,28420,"Kennewick-Richland, WA",53,Washington,5,Benton,46.21835,-119.204153
07/02/2022,AQS,530050002,5,18,ug/m3 SC,17,KENNEWICK - METALINE,1,100,81102,PM10 Total 0-10um STP,28420,"Kennewick-Richland, WA",53,Washington,5,Benton,46.21835,-119.204153
07/03/2022,AQS,530050002,5,15,ug/m3 SC,14,KENNEWICK - METALINE,1,100,81102,PM10 Total 0-10um STP,28420,"Kennewick-Richland, WA",53,Washington,5,Benton,46.21835,-119.204153
07/04/2022,AQS,530050002,5,13,ug/m3 SC,12,KENNEWICK - METALINE,1,100,81102,PM10 Total 0-10um STP,28420,"Kennewick-Richland, WA",53,Washington,5,Benton,46.21835,-119.204153
07/05/2022,AQS,530050002,5,14,ug/m3 SC,13,KENNEWICK - METALINE,1,100,81102,PM10 Total 0-10um STP,28420,"Kennewick-Richland, WA",53,Washington,5,Benton,46.21835,-119.204153
07/06/2022,AQS,530050002,5,12,ug/m3 SC,11,KENNEWICK - METALINE,1,100,81102,PM10 Total 0-10um STP,28420,"Kennewick-Richland, WA",53,Washington,5,Benton,46.21835,-119.204153
07/07/2022,AQS,530050002,5,14,ug/m3 SC,13,KENNEWICK - METALINE,1,100,81102,PM10 Total 0-10um STP,28420,"Kennewick-Richland, WA",53,Washington,5,Benton,46.21835,-119.204153
07/08/2022,AQS,530050002,5,13,ug/m3 SC,12,KENNEWICK - METALINE,1,100,81102,PM10 Total 0-10um STP,28420,"Kennewick-Richland, WA",53,Washington,5,Benton,46.21835,-119.204153
07/09/2022,AQS,530050002,5,13,ug/m3 SC,12,KENNEWICK - METALINE,1,100,81102,PM10 Total 0-10um STP,28420,"Kennewick-Richland, WA",53,Washington,5,Benton,46.21835,-119.204153
07/10/2022,AQS,530050002,5,12,ug/m3 SC,11,KENNEWICK - METALINE,1,100,81102,PM10 Total 0-10um STP,28420,"Kennewick-Richland, WA",53,Washington,5,Benton,46.21835,-119.204153
07/11/2022,AQS,530050002,5,17,ug/m3 SC,16,KENNEWICK - METALINE,1,100,81102,PM10 Total 0-10um STP,28420,"Kennewick-Richland, WA",53,Washington,5,Benton,46.21835,-119.204153
07/12/2022,AQS,530050002,5,25,ug/m3 SC,23,KENNEWICK - METALINE,1,100,81102,PM10 Total 0-10um STP,28420,"Kennewick-Richland, WA",53,Washington,5,Benton,46.21835,-119.204153
07/13/2022,AQS,530050002,5,20,ug/m3 SC,19,KENNEWICK - METALINE,1,100,81102,PM10 Total 0-10um STP,28420,"Kennewick-Richland, WA",53,Washington,5,Benton,46.21835,-119.204153
07/14/2022,AQS,530050002,5,19,ug/m3 SC,18,KENNEWICK - METALINE,1,100,81102,PM10 Total 0-10um STP,28420,"Kennewick-Richland, WA",53,Washington,5,Benton,46.21835,-119.204153
07/15/2022,AQS,530050002,5,28,ug/m3 SC,26,KENNEWICK - METALINE,1,100,81102,PM10 Total 0-10um STP,28420,"Kennewick-Richland, WA",53,Washington,5,Benton,46.21835,-119.204153
07/16/2022,AQS,530050002,5,15,ug/m3 SC,14,KENNEWICK - METALINE,1,100,81102,PM10 Total 0-10um STP,28420,"Kennewick-Richland, WA",53,Washington,5,Benton,46.21835,-119.204153
07/17/2022,AQS,530050002,5,25,ug/m3 SC,23,KENNEWICK - METALINE,1,100,81102,PM10 Total 0-10um STP,28420,"Kennewick-Richland, WA",53,Washington,5,Benton,46.21835,-119.204153
07/18/2022,AQS,530050002,5,18,ug/m3 SC,17,KENNEWICK - METALINE,1,100,81102,PM10 Total 0-10um STP,28420,"Kennewick-Richland, WA",53,Washington,5,Benton,46.21835,-119.204153
07/19/2022,AQS,530050002,5,23,ug/m3 SC,21,KENNEWICK - METALINE,1,100,81102,PM10 Total 0-10um STP,28420,"Kennewick-Richland, WA",53,Washington,5,Benton,46.21835,-119.204153
07/20/2022,AQS,530050002,5,24,ug/m3 SC,22,KENNEWICK - METALINE,1,100,81102,PM10 Total 0-10um STP,28420,"Kennewick-Richland, WA",53,Washington,5,Benton,46.21835,-119.204153
07/21/2022,AQS,530050002,5,23,ug/m3 SC,21,KENNEWICK - METALINE,1,100,81102,PM10 Total 0-10um STP,28420,"Kennewick-Richland, WA",53,Washington,5,Benton,46.21835,-119.204153
07/22/2022,AQS,530050002,5,27,ug/m3 SC,25,KENNEWICK - METALINE,1,100,81102,PM10 Total 0-10um STP,28420,"Kennewick-Richland, WA",53,Washington,5,Benton,46.21835,-119.204153
07/23/2022,AQS,530050002,5,17,ug/m3 SC,16,KENNEWICK - METALINE,1,100,81102,PM10 Total 0-10um STP,28420,"Kennewick-Richland, WA",53,Washington,5,Benton,46.21835,-119.204153
07/24/2022,AQS,530050002,5,17,ug/m3 SC,16,KENNEWICK - METALINE,1,100,81102,PM10 Total 0-10um STP,28420,"Kennewick-Richland, WA",53,Washington,5,Benton,46.21835,-119.204153
07/25/2022,AQS,530050002,5,27,ug/m3 SC,25,KENNEWICK - METALINE,1,100,81102,PM10 Total 0-10um STP,28420,"Kennewick-Richland, WA",53,Washington,5,Benton,46.21835,-119.204153
07/26/2022,AQS,530050002,5,30,ug/m3 SC,28,KENNEWICK - METALINE,1,100,81102,PM10 Total 0-10um STP,28420,"Kennewick-Richland, WA",53,Washington,5,Benton,46.21835,-119.204153
07/27/2022,AQS,530050002,5,37,ug/m3 SC,34,KENNEWICK - METALINE,1,100,81102,PM10 Total 0-10um STP,28420,"Kennewick-Richland, WA",53,Washington,5,Benton,46.21835,-119.204153
07/28/2022,AQS,530050002,5,37,ug/m3 SC,34,KENNEWICK - METALINE,1,100,81102,PM10 Total 0-10um STP,28420,"Kennewick-Richland, WA",53,Washington,5,Benton,46.21835,-119.204153
07/29/2022,AQS,530050002,5,36,ug/m3 SC,33,KENNEWICK - METALINE,1,100,81102,PM10 Total 0-10um STP,28420,"Kennewick-Richland, WA",53,Washington,5,Benton,46.21835,-119.204153
07/30/2022,AQS,530050002,5,30,ug/m3 SC,28,KENNEWICK - METALINE,1,100,81102,PM10 Total 0-10um STP,28420,"Kennewick-Richland, WA",53,Washington,5,Benton,46.21835,-119.204153
07/31/2022,AQS,530050002,5,24,ug/m3 SC,22,KENNEWICK - METALINE,1,100,81102,PM10 Total 0-10um STP,28420,"Kennewick-Richland, WA",53,Washington,5,Benton,46.21835,-119.204153
08/01/2022,AQS,530050002,5,36,ug/m3 SC,33,KENNEWICK - METALINE,1,100,81102,PM10 Total 0-10um STP,28420,"Kennewick-Richland, WA",53,Washington,5,Benton,46.21835,-119.204153
08/02/2022,AQS,530050002,5,31,ug/m3 SC,29,KENNEWICK - METALINE,1,100,81102,PM10 Total 0-10um STP,28420,"Kennewick-Richland, WA",53,Washington,5,Benton,46.21835,-119.204153
08/03/2022,AQS,530050002,5,30,ug/m3 SC,28,KENNEWICK - METALINE,1,100,81102,PM10 Total 0-10um STP,28420,"Kennewick-Richland, WA",53,Washington,5,Benton,46.21835,-119.204153
08/04/2022,AQS,530050002,5,31,ug/m3 SC,29,KENNEWICK - METALINE,1,100,81102,PM10 Total 0-10um STP,28420,"Kennewick-Richland, WA",53,Washington,5,Benton,46.21835,-119.204153
08/05/2022,AQS,530050002,5,19,ug/m3 SC,18,KENNEWICK - METALINE,1,100,81102,PM10 Total 0-10um STP,28420,"Kennewick-Richland, WA",53,Washington,5,Benton,46.21835,-119.204153
08/06/2022,AQS,530050002,5,21,ug/m3 SC,19,KENNEWICK - METALINE,1,100,81102,PM10 Total 0-10um STP,28420,"Kennewick-Richland, WA",53,Washington,5,Benton,46.21835,-119.204153
08/07/2022,AQS,530050002,5,20,ug/m3 SC,19,KENNEWICK - METALINE,1,100,81102,PM10 Total 0-10um STP,28420,"Kennewick-Richland, WA",53,Washington,5,Benton,46.21835,-119.204153
08/08/2022,AQS,530050002,5,31,ug/m3 SC,29,KENNEWICK - METALINE,1,100,81102,PM10 Total 0-10um STP,28420,"Kennewick-Richland, WA",53,Washington,5,Benton,46.21835,-119.204153
08/09/2022,AQS,530050002,5,61,ug/m3 SC,54,KENNEWICK - METALINE,1,100,81102,PM10 Total 0-10um STP,28420,"Kennewick-Richland, WA",53,Washington,5,Benton,46.21835,-119.204153
08/10/2022,AQS,530050002,5,35,ug/m3 SC,32,KENNEWICK - METALINE,1,100,81102,PM10 Total 0-10um STP,28420,"Kennewick-Richland, WA",53,Washington,5,Benton,46.21835,-119.204153
08/11/2022,AQS,530050002,5,26,ug/m3 SC,24,KENNEWICK - METALINE,1,100,81102,PM10 Total 0-10um STP,28420,"Kennewick-Richland, WA",53,Washington,5,Benton,46.21835,-119.204153
08/12/2022,AQS,530050002,5,34,ug/m3 SC,31,KENNEWICK - METALINE,1,100,81102,PM10 Total 0-10um STP,28420,"Kennewick-Richland, WA",53,Washington,5,Benton,46.21835,-119.204153
08/13/2022,AQS,530050002,5,26,ug/m3 SC,24,KENNEWICK - METALINE,1,100,81102,PM10 Total 0-10um STP,28420,"Kennewick-Richland, WA",53,Washington,5,Benton,46.21835,-119.204153
08/14/2022,AQS,530050002,5,14,ug/m3 SC,13,KENNEWICK - METALINE,1,100,81102,PM10 Total 0-10um STP,28420,"Kennewick-Richland, WA",53,Washington,5,Benton,46.21835,-119.204153
08/15/2022,AQS,530050002,5,24,ug/m3 SC,22,KENNEWICK - METALINE,1,100,81102,PM10 Total 0-10um STP,28420,"Kennewick-Richland, WA",53,Washington,5,Benton,46.21835,-119.204153
08/16/2022,AQS,530050002,5,28,ug/m3 SC,26,KENNEWICK - METALINE,1,100,81102,PM10 Total 0-10um STP,28420,"Kennewick-Richland, WA",53,Washington,5,Benton,46.21835,-119.204153
08/17/2022,AQS,530050002,5,41,ug/m3 SC,38,KENNEWICK - METALINE,1,100,81102,PM10 Total 0-10um STP,28420,"Kennewick-Richland, WA",53,Washington,5,Benton,46.21835,-119.204153
08/18/2022,AQS,530050002,5,38,ug/m3 SC,35,KENNEWICK - METALINE,1,100,81102,PM10 Total 0-10um STP,28420,"Kennewick-Richland, WA",53,Washington,5,Benton,46.21835,-119.204153
08/19/2022,AQS,530050002,5,48,ug/m3 SC,44,KENNEWICK - METALINE,1,100,81102,PM10 Total 0-10um STP,28420,"Kennewick-Richland, WA",53,Washington,5,Benton,46.21835,-119.204153
08/20/2022,AQS,530050002,5,37,ug/m3 SC,34,KENNEWICK - METALINE,1,100,81102,PM10 Total 0-10um STP,28420,"Kennewick-Richland, WA",53,Washington,5,Benton,46.21835,-119.204153
08/21/2022,AQS,530050002,5,18,ug/m3 SC,17,KENNEWICK - METALINE,1,100,81102,PM10 Total 0-10um STP,28420,"Kennewick-Richland, WA",53,Washington,5,Benton,46.21835,-119.204153
08/22/2022,AQS,530050002,5,25,ug/m3 SC,23,KENNEWICK - METALINE,1,100,81102,PM10 Total 0-10um STP,28420,"Kennewick-Richland, WA",53,Washington,5,Benton,46.21835,-119.204153
08/23/2022,AQS,530050002,5,24,ug/m3 SC,22,KENNEWICK - METALINE,1,100,81102,PM10 Total 0-10um STP,28420,"Kennewick-Richland, WA",53,Washington,5,Benton,46.21835,-119.204153
08/24/2022,AQS,530050002,5,39,ug/m3 SC,36,KENNEWICK - METALINE,1,100,81102,PM10 Total 0-10um STP,28420,"Kennewick-Richland, WA",53,Washington,5,Benton,46.21835,-119.204153
08/25/2022,AQS,530050002,5,24,ug/m3 SC,22,KENNEWICK - METALINE,1,100,81102,PM10 Total 0-10um STP,28420,"Kennewick-Richland, WA",53,Washington,5,Benton,46.21835,-119.204153
08/26/2022,AQS,530050002,5,51,ug/m3 SC,47,KENNEWICK - METALINE,1,100,81102,PM10 Total 0-10um STP,28420,"Kennewick-Richland, WA",53,Washington,5,Benton,46.21835,-119.204153
08/27/2022,AQS,530050002,5,26,ug/m3 SC,24,KENNEWICK - METALINE,1,100,81102,PM10 Total 0-10um STP,28420,"Kennewick-Richland, WA",53,Washington,5,Benton,46.21835,-119.204153
08/28/2022,AQS,530050002,5,14,ug/m3 SC,13,KENNEWICK - METALINE,1,100,81102,PM10 Total 0-10um STP,28420,"Kennewick-Richland, WA",53,Washington,5,Benton,46.21835,-119.204153
08/29/2022,AQS,530050002,5,32,ug/m3 SC,30,KENNEWICK - METALINE,1,100,81102,PM10 Total 0-10um STP,28420,"Kennewick-Richland, WA",53,Washington,5,Benton,46.21835,-119.204153
08/30/2022,AQS,530050002,5,39,ug/m3 SC,36,KENNEWICK - METALINE,1,100,81102,PM10 Total 0-10um STP,28420,"Kennewick-Richland, WA",53,Washington,5,Benton,46.21835,-119.204153
08/31/2022,AQS,530050002,5,50,ug/m3 SC,46,KENNEWICK - METALINE,1,100,81102,PM10 Total 0-10um STP,28420,"Kennewick-Richland, WA",53,Washington,5,Benton,46.21835,-119.204153
09/01/2022,AQS,530050002,5,32,ug/m3 SC,30,KENNEWICK - METALINE,1,100,81102,PM10 Total 0-10um STP,28420,"Kennewick-Richland, WA",53,Washington,5,Benton,46.21835,-119.204153
09/02/2022,AQS,530050002,5,51,ug/m3 SC,47,KENNEWICK - METALINE,1,100,81102,PM10 Total 0-10um STP,28420,"Kennewick-Richland, WA",53,Washington,5,Benton,46.21835,-119.204153
09/03/2022,AQS,530050002,5,68,ug/m3 SC,57,KENNEWICK - METALINE,1,100,81102,PM10 Total 0-10um STP,28420,"Kennewick-Richland, WA",53,Washington,5,Benton,46.21835,-119.204153
09/04/2022,AQS,530050002,5,11,ug/m3 SC,10,KENNEWICK - METALINE,1,100,81102,PM10 Total 0-10um STP,28420,"Kennewick-Richland, WA",53,Washington,5,Benton,46.21835,-119.204153
09/05/2022,AQS,530050002,5,15,ug/m3 SC,14,KENNEWICK - METALINE,1,100,81102,PM10 Total 0-10um STP,28420,"Kennewick-Richland, WA",53,Washington,5,Benton,46.21835,-119.204153
09/06/2022,AQS,530050002,5,25,ug/m3 SC,23,KENNEWICK - METALINE,1,100,81102,PM10 Total 0-10um STP,28420,"Kennewick-Richland, WA",53,Washington,5,Benton,46.21835,-119.204153
09/07/2022,AQS,530050002,5,50,ug/m3 SC,46,KENNEWICK - METALINE,1,100,81102,PM10 Total 0-10um STP,28420,"Kennewick-Richland, WA",53,Washington,5,Benton,46.21835,-119.204153
09/08/2022,AQS,530050002,5,51,ug/m3 SC,47,KENNEWICK - METALINE,1,100,81102,PM10 Total 0-10um STP,28420,"Kennewick-Richland, WA",53,Washington,5,Benton,46.21835,-119.204153
09/09/2022,AQS,530050002,5,50,ug/m3 SC,46,KENNEWICK - METALINE,1,100,81102,PM10 Total 0-10um STP,28420,"Kennewick-Richland, WA",53,Washington,5,Benton,46.21835,-119.204153
09/10/2022,AQS,530050002,5,76,ug/m3 SC,61,KENNEWICK - METALINE,1,100,81102,PM10 Total 0-10um STP,28420,"Kennewick-Richland, WA",53,Washington,5,Benton,46.21835,-119.204153
09/11/2022,AQS,530050002,5,75,ug/m3 SC,61,KENNEWICK - METALINE,1,100,81102,PM10 Total 0-10um STP,28420,"Kennewick-Richland, WA",53,Washington,5,Benton,46.21835,-119.204153
09/12/2022,AQS,530050002,5,96,ug/m3 SC,71,KENNEWICK - METALINE,1,100,81102,PM10 Total 0-10um STP,28420,"Kennewick-Richland, WA",53,Washington,5,Benton,46.21835,-119.204153
09/13/2022,AQS,530050002,5,86,ug/m3 SC,66,KENNEWICK - METALINE,1,100,81102,PM10 Total 0-10um STP,28420,"Kennewick-Richland, WA",53,Washington,5,Benton,46.21835,-119.204153
09/14/2022,AQS,530050002,5,35,ug/m3 SC,32,KENNEWICK - METALINE,1,100,81102,PM10 Total 0-10um STP,28420,"Kennewick-Richland, WA",53,Washington,5,Benton,46.21835,-119.204153
09/15/2022,AQS,530050002,5,25,ug/m3 SC,23,KENNEWICK - METALINE,1,100,81102,PM10 Total 0-10um STP,28420,"Kennewick-Richland, WA",53,Washington,5,Benton,46.21835,-119.204153
09/16/2022,AQS,530050002,5,28,ug/m3 SC,26,KENNEWICK - METALINE,1,100,81102,PM10 Total 0-10um STP,28420,"Kennewick-Richland, WA",53,Washington,5,Benton,46.21835,-119.204153
09/17/2022,AQS,530050002,5,18,ug/m3 SC,17,KENNEWICK - METALINE,1,100,81102,PM10 Total 0-10um STP,28420,"Kennewick-Richland, WA",53,Washington,5,Benton,46.21835,-119.204153
09/18/2022,AQS,530050002,5,13,ug/m3 SC,12,KENNEWICK - METALINE,1,100,81102,PM10 Total 0-10um STP,28420,"Kennewick-Richland, WA",53,Washington,5,Benton,46.21835,-119.204153
09/19/2022,AQS,530050002,5,26,ug/m3 SC,24,KENNEWICK - METALINE,1,100,81102,PM10 Total 0-10um STP,28420,"Kennewick-Richland, WA",53,Washington,5,Benton,46.21835,-119.204153
09/20/2022,AQS,530050002,5,30,ug/m3 SC,28,KENNEWICK - METALINE,1,100,81102,PM10 Total 0-10um STP,28420,"Kennewick-Richland, WA",53,Washington,5,Benton,46.21835,-119.204153
09/21/2022,AQS,530050002,5,34,ug/m3 SC,31,KENNEWICK - METALINE,1,100,81102,PM10 Total 0-10um STP,28420,"Kennewick-Richland, WA",53,Washington,5,Benton,46.21835,-119.204153
09/22/2022,AQS,530050002,5,125,ug/m3 SC,86,KENNEWICK - METALINE,1,100,81102,PM10 Total 0-10um STP,28420,"Kennewick-Richland, WA",53,Washington,5,Benton,46.21835,-119.204153
09/23/2022,AQS,530050002,5,22,ug/m3 SC,20,KENNEWICK - METALINE,1,100,81102,PM10 Total 0-10um STP,28420,"Kennewick-Richland, WA",53,Washington,5,Benton,46.21835,-119.204153
09/24/2022,AQS,530050002,5,28,ug/m3 SC,26,KENNEWICK - METALINE,1,100,81102,PM10 Total 0-10um STP,28420,"Kennewick-Richland, WA",53,Washington,5,Benton,46.21835,-119.204153
09/25/2022,AQS,530050002,5,26,ug/m3 SC,24,KENNEWICK - METALINE,1,100,81102,PM10 Total 0-10um STP,28420,"Kennewick-Richland, WA",53,Washington,5,Benton,46.21835,-119.204153
09/26/2022,AQS,530050002,5,30,ug/m3 SC,28,KENNEWICK - METALINE,1,100,81102,PM10 Total 0-10um STP,28420,"Kennewick-Richland, WA",53,Washington,5,Benton,46.21835,-119.204153
09/27/2022,AQS,530050002,5,48,ug/m3 SC,44,KENNEWICK - METALINE,1,100,81102,PM10 Total 0-10um STP,28420,"Kennewick-Richland, WA",53,Washington,5,Benton,46.21835,-119.204153
09/28/2022,AQS,530050002,5,49,ug/m3 SC,45,KENNEWICK - METALINE,1,100,81102,PM10 Total 0-10um STP,28420,"Kennewick-Richland, WA",53,Washington,5,Benton,46.21835,-119.204153
09/29/2022,AQS,530050002,5,17,ug/m3 SC,16,KENNEWICK - METALINE,1,100,81102,PM10 Total 0-10um STP,28420,"Kennewick-Richland, WA",53,Washington,5,Benton,46.21835,-119.204153
09/30/2022,AQS,530050002,5,25,ug/m3 SC,23,KENNEWICK - METALINE,1,100,81102,PM10 Total 0-10um STP,28420,"Kennewick-Richland, WA",53,Washington,5,Benton,46.21835,-119.204153
10/01/2022,AQS,530050002,5,24,ug/m3 SC,22,KENNEWICK - METALINE,1,100,81102,PM10 Total 0-10um STP,28420,"Kennewick-Richland, WA",53,Washington,5,Benton,46.21835,-119.204153
10/02/2022,AQS,530050002,5,27,ug/m3 SC,25,KENNEWICK - METALINE,1,100,81102,PM10 Total 0-10um STP,28420,"Kennewick-Richland, WA",53,Washington,5,Benton,46.21835,-119.204153
10/03/2022,AQS,530050002,5,35,ug/m3 SC,32,KENNEWICK - METALINE,1,100,81102,PM10 Total 0-10um STP,28420,"Kennewick-Richland, WA",53,Washington,5,Benton,46.21835,-119.204153
10/04/2022,AQS,530050002,5,42,ug/m3 SC,39,KENNEWICK - METALINE,1,100,81102,PM10 Total 0-10um STP,28420,"Kennewick-Richland, WA",53,Washington,5,Benton,46.21835,-119.204153
10/05/2022,AQS,530050002,5,58,ug/m3 SC,52,KENNEWICK - METALINE,1,100,81102,PM10 Total 0-10um STP,28420,"Kennewick-Richland, WA",53,Washington,5,Benton,46.21835,-119.204153
10/06/2022,AQS,530050002,5,43,ug/m3 SC,40,KENNEWICK - METALINE,1,100,81102,PM10 Total 0-10um STP,28420,"Kennewick-Richland, WA",53,Washington,5,Benton,46.21835,-119.204153
10/07/2022,AQS,530050002,5,44,ug/m3 SC,41,KENNEWICK - METALINE,1,100,81102,PM10 Total 0-10um STP,28420,"Kennewick-Richland, WA",53,Washington,5,Benton,46.21835,-119.204153
10/08/2022,AQS,530050002,5,47,ug/m3 SC,44,KENNEWICK - METALINE,1,100,81102,PM10 Total 0-10um STP,28420,"Kennewick-Richland, WA",53,Washington,5,Benton,46.21835,-119.204153
10/09/2022,AQS,530050002,5,41,ug/m3 SC,38,KENNEWICK - METALINE,1,100,81102,PM10 Total 0-10um STP,28420,"Kennewick-Richland, WA",53,Washington,5,Benton,46.21835,-119.204153
10/10/2022,AQS,530050002,5,65,ug/m3 SC,56,KENNEWICK - METALINE,1,100,81102,PM10 Total 0-10um STP,28420,"Kennewick-Richland, WA",53,Washington,5,Benton,46.21835,-119.204153
10/11/2022,AQS,530050002,5,23,ug/m3 SC,21,KENNEWICK - METALINE,1,100,81102,PM10 Total 0-10um STP,28420,"Kennewick-Richland, WA",53,Washington,5,Benton,46.21835,-119.204153
10/12/2022,AQS,530050002,5,42,ug/m3 SC,39,KENNEWICK - METALINE,1,100,81102,PM10 Total 0-10um STP,28420,"Kennewick-Richland, WA",53,Washington,5,Benton,46.21835,-119.204153
10/18/2022,AQS,530050002,5,49,ug/m3 SC,45,KENNEWICK - METALINE,1,100,81102,PM10 Total 0-10um STP,28420,"Kennewick-Richland, WA",53,Washington,5,Benton,46.21835,-119.204153
10/19/2022,AQS,530050002,5,61,ug/m3 SC,54,KENNEWICK - METALINE,1,100,81102,PM10 Total 0-10um STP,28420,"Kennewick-Richland, WA",53,Washington,5,Benton,46.21835,-119.204153
10/20/2022,AQS,530050002,5,73,ug/m3 SC,60,KENNEWICK - METALINE,1,100,81102,PM10 Total 0-10um STP,28420,"Kennewick-Richland, WA",53,Washington,5,Benton,46.21835,-119.204153
10/21/2022,AQS,530050002,5,34,ug/m3 SC,31,KENNEWICK - METALINE,1,100,81102,PM10 Total 0-10um STP,28420,"Kennewick-Richland, WA",53,Washington,5,Benton,46.21835,-119.204153
10/22/2022,AQS,530050002,5,5,ug/m3 SC,5,KENNEWICK - METALINE,1,100,81102,PM10 Total 0-10um STP,28420,"Kennewick-Richland, WA",53,Washington,5,Benton,46.21835,-119.204153
10/23/2022,AQS,530050002,5,5,ug/m3 SC,5,KENNEWICK - METALINE,1,100,81102,PM10 Total 0-10um STP,28420,"Kennewick-Richland, WA",53,Washington,5,Benton,46.21835,-119.204153
10/24/2022,AQS,530050002,5,9,ug/m3 SC,8,KENNEWICK - METALINE,1,100,81102,PM10 Total 0-10um STP,28420,"Kennewick-Richland, WA",53,Washington,5,Benton,46.21835,-119.204153
10/25/2022,AQS,530050002,5,6,ug/m3 SC,6,KENNEWICK - METALINE,1,100,81102,PM10 Total 0-10um STP,28420,"Kennewick-Richland, WA",53,Washington,5,Benton,46.21835,-119.204153
10/26/2022,AQS,530050002,5,8,ug/m3 SC,7,KENNEWICK - METALINE,1,100,81102,PM10 Total 0-10um STP,28420,"Kennewick-Richland, WA",53,Washington,5,Benton,46.21835,-119.204153
10/27/2022,AQS,530050002,5,13,ug/m3 SC,12,KENNEWICK - METALINE,1,100,81102,PM10 Total 0-10um STP,28420,"Kennewick-Richland, WA",53,Washington,5,Benton,46.21835,-119.204153
10/28/2022,AQS,530050002,5,12,ug/m3 SC,11,KENNEWICK - METALINE,1,100,81102,PM10 Total 0-10um STP,28420,"Kennewick-Richland, WA",53,Washington,5,Benton,46.21835,-119.204153
10/29/2022,AQS,530050002,5,8,ug/m3 SC,7,KENNEWICK - METALINE,1,100,81102,PM10 Total 0-10um STP,28420,"Kennewick-Richland, WA",53,Washington,5,Benton,46.21835,-119.204153
10/30/2022,AQS,530050002,5,9,ug/m3 SC,8,KENNEWICK - METALINE,1,100,81102,PM10 Total 0-10um STP,28420,"Kennewick-Richland, WA",53,Washington,5,Benton,46.21835,-119.204153
10/31/2022,AQS,530050002,5,7,ug/m3 SC,6,KENNEWICK - METALINE,1,100,81102,PM10 Total 0-10um STP,28420,"Kennewick-Richland, WA",53,Washington,5,Benton,46.21835,-119.204153
11/01/2022,AQS,530050002,5,2,ug/m3 SC,2,KENNEWICK - METALINE,1,100,81102,PM10 Total 0-10um STP,28420,"Kennewick-Richland, WA",53,Washington,5,Benton,46.21835,-119.204153
11/02/2022,AQS,530050002,5,5,ug/m3 SC,5,KENNEWICK - METALINE,1,100,81102,PM10 Total 0-10um STP,28420,"Kennewick-Richland, WA",53,Washington,5,Benton,46.21835,-119.204153
11/03/2022,AQS,530050002,5,7,ug/m3 SC,6,KENNEWICK - METALINE,1,100,81102,PM10 Total 0-10um STP,28420,"Kennewick-Richland, WA",53,Washington,5,Benton,46.21835,-119.204153
11/04/2022,AQS,530050002,5,33,ug/m3 SC,31,KENNEWICK - METALINE,1,100,81102,PM10 Total 0-10um STP,28420,"Kennewick-Richland, WA",53,Washington,5,Benton,46.21835,-119.204153
11/05/2022,AQS,530050002,5,10,ug/m3 SC,9,KENNEWICK - METALINE,1,100,81102,PM10 Total 0-10um STP,28420,"Kennewick-Richland, WA",53,Washington,5,Benton,46.21835,-119.204153
11/06/2022,AQS,530050002,5,4,ug/m3 SC,4,KENNEWICK - METALINE,1,100,81102,PM10 Total 0-10um STP,28420,"Kennewick-Richland, WA",53,Washington,5,Benton,46.21835,-119.204153
11/07/2022,AQS,530050002,5,3,ug/m3 SC,3,KENNEWICK - METALINE,1,100,81102,PM10 Total 0-10um STP,28420,"Kennewick-Richland, WA",53,Washington,5,Benton,46.21835,-119.204153
11/08/2022,AQS,530050002,5,10,ug/m3 SC,9,KENNEWICK - METALINE,1,100,81102,PM10 Total 0-10um STP,28420,"Kennewick-Richland, WA",53,Washington,5,Benton,46.21835,-119.204153
11/09/2022,AQS,530050002,5,16,ug/m3 SC,15,KENNEWICK - METALINE,1,100,81102,PM10 Total 0-10um STP,28420,"Kennewick-Richland, WA",53,Washington,5,Benton,46.21835,-119.204153
11/10/2022,AQS,530050002,5,13,ug/m3 SC,12,KENNEWICK - METALINE,1,100,81102,PM10 Total 0-10um STP,28420,"Kennewick-Richland, WA",53,Washington,5,Benton,46.21835,-119.204153
11/11/2022,AQS,530050002,5,14,ug/m3 SC,13,KENNEWICK - METALINE,1,100,81102,PM10 Total 0-10um STP,28420,"Kennewick-Richland, WA",53,Washington,5,Benton,46.21835,-119.204153
11/12/2022,AQS,530050002,5,15,ug/m3 SC,14,KENNEWICK - METALINE,1,100,81102,PM10 Total 0-10um STP,28420,"Kennewick-Richland, WA",53,Washington,5,Benton,46.21835,-119.204153
11/13/2022,AQS,530050002,5,19,ug/m3 SC,18,KENNEWICK - METALINE,1,100,81102,PM10 Total 0-10um STP,28420,"Kennewick-Richland, WA",53,Washington,5,Benton,46.21835,-119.204153
11/14/2022,AQS,530050002,5,19,ug/m3 SC,18,KENNEWICK - METALINE,1,100,81102,PM10 Total 0-10um STP,28420,"Kennewick-Richland, WA",53,Washington,5,Benton,46.21835,-119.204153
11/15/2022,AQS,530050002,5,15,ug/m3 SC,14,KENNEWICK - METALINE,1,100,81102,PM10 Total 0-10um STP,28420,"Kennewick-Richland, WA",53,Washington,5,Benton,46.21835,-119.204153
11/16/2022,AQS,530050002,5,11,ug/m3 SC,10,KENNEWICK - METALINE,1,100,81102,PM10 Total 0-10um STP,28420,"Kennewick-Richland, WA",53,Washington,5,Benton,46.21835,-119.204153
11/17/2022,AQS,530050002,5,18,ug/m3 SC,17,KENNEWICK - METALINE,1,100,81102,PM10 Total 0-10um STP,28420,"Kennewick-Richland, WA",53,Washington,5,Benton,46.21835,-119.204153
11/18/2022,AQS,530050002,5,18,ug/m3 SC,17,KENNEWICK - METALINE,1,100,81102,PM10 Total 0-10um STP,28420,"Kennewick-Richland, WA",53,Washington,5,Benton,46.21835,-119.204153
11/19/2022,AQS,530050002,5,20,ug/m3 SC,19,KENNEWICK - METALINE,1,100,81102,PM10 Total 0-10um STP,28420,"Kennewick-Richland, WA",53,Washington,5,Benton,46.21835,-119.204153
11/20/2022,AQS,530050002,5,20,ug/m3 SC,19,KENNEWICK - METALINE,1,100,81102,PM10 Total 0-10um STP,28420,"Kennewick-Richland, WA",53,Washington,5,Benton,46.21835,-119.204153
11/21/2022,AQS,530050002,5,28,ug/m3 SC,26,KENNEWICK - METALINE,1,100,81102,PM10 Total 0-10um STP,28420,"Kennewick-Richland, WA",53,Washington,5,Benton,46.21835,-119.204153
11/22/2022,AQS,530050002,5,29,ug/m3 SC,27,KENNEWICK - METALINE,1,100,81102,PM10 Total 0-10um STP,28420,"Kennewick-Richland, WA",53,Washington,5,Benton,46.21835,-119.204153
11/23/2022,AQS,530050002,5,22,ug/m3 SC,20,KENNEWICK - METALINE,1,100,81102,PM10 Total 0-10um STP,28420,"Kennewick-Richland, WA",53,Washington,5,Benton,46.21835,-119.204153
11/24/2022,AQS,530050002,5,11,ug/m3 SC,10,KENNEWICK - METALINE,1,100,81102,PM10 Total 0-10um STP,28420,"Kennewick-Richland, WA",53,Washington,5,Benton,46.21835,-119.204153
11/25/2022,AQS,530050002,5,9,ug/m3 SC,8,KENNEWICK - METALINE,1,100,81102,PM10 Total 0-10um STP,28420,"Kennewick-Richland, WA",53,Washington,5,Benton,46.21835,-119.204153
11/26/2022,AQS,530050002,5,5,ug/m3 SC,5,KENNEWICK - METALINE,1,100,81102,PM10 Total 0-10um STP,28420,"Kennewick-Richland, WA",53,Washington,5,Benton,46.21835,-119.204153
11/27/2022,AQS,530050002,5,5,ug/m3 SC,5,KENNEWICK - METALINE,1,100,81102,PM10 Total 0-10um STP,28420,"Kennewick-Richland, WA",53,Washington,5,Benton,46.21835,-119.204153
11/28/2022,AQS,530050002,5,6,ug/m3 SC,6,KENNEWICK - METALINE,1,100,81102,PM10 Total 0-10um STP,28420,"Kennewick-Richland, WA",53,Washington,5,Benton,46.21835,-119.204153
11/29/2022,AQS,530050002,5,7,ug/m3 SC,6,KENNEWICK - METALINE,1,100,81102,PM10 Total 0-10um STP,28420,"Kennewick-Richland, WA",53,Washington,5,Benton,46.21835,-119.204153
11/30/2022,AQS,530050002,5,6,ug/m3 SC,6,KENNEWICK - METALINE,1,100,81102,PM10 Total 0-10um STP,28420,"Kennewick-Richland, WA",53,Washington,5,Benton,46.21835,-119.204153
12/01/2022,AQS,530050002,5,10,ug/m3 SC,9,KENNEWICK - METALINE,1,100,81102,PM10 Total 0-10um STP,28420,"Kennewick-Richland, WA",53,Washington,5,Benton,46.21835,-119.204153
12/02/2022,AQS,530050002,5,10,ug/m3 SC,9,KENNEWICK - METALINE,1,100,81102,PM10 Total 0-10um STP,28420,"Kennewick-Richland, WA",53,Washington,5,Benton,46.21835,-119.204153
12/03/2022,AQS,530050002,5,7,ug/m3 SC,6,KENNEWICK - METALINE,1,100,81102,PM10 Total 0-10um STP,28420,"Kennewick-Richland, WA",53,Washington,5,Benton,46.21835,-119.204153
12/04/2022,AQS,530050002,5,6,ug/m3 SC,6,KENNEWICK - METALINE,1,100,81102,PM10 Total 0-10um STP,28420,"Kennewick-Richland, WA",53,Washington,5,Benton,46.21835,-119.204153
12/05/2022,AQS,530050002,5,6,ug/m3 SC,6,KENNEWICK - METALINE,1,100,81102,PM10 Total 0-10um STP,28420,"Kennewick-Richland, WA",53,Washington,5,Benton,46.21835,-119.204153
12/06/2022,AQS,530050002,5,5,ug/m3 SC,5,KENNEWICK - METALINE,1,100,81102,PM10 Total 0-10um STP,28420,"Kennewick-Richland, WA",53,Washington,5,Benton,46.21835,-119.204153
12/07/2022,AQS,530050002,5,7,ug/m3 SC,6,KENNEWICK - METALINE,1,100,81102,PM10 Total 0-10um STP,28420,"Kennewick-Richland, WA",53,Washington,5,Benton,46.21835,-119.204153
12/08/2022,AQS,530050002,5,6,ug/m3 SC,6,KENNEWICK - METALINE,1,100,81102,PM10 Total 0-10um STP,28420,"Kennewick-Richland, WA",53,Washington,5,Benton,46.21835,-119.204153
12/09/2022,AQS,530050002,5,8,ug/m3 SC,7,KENNEWICK - METALINE,1,100,81102,PM10 Total 0-10um STP,28420,"Kennewick-Richland, WA",53,Washington,5,Benton,46.21835,-119.204153
12/10/2022,AQS,530050002,5,9,ug/m3 SC,8,KENNEWICK - METALINE,1,100,81102,PM10 Total 0-10um STP,28420,"Kennewick-Richland, WA",53,Washington,5,Benton,46.21835,-119.204153
12/11/2022,AQS,530050002,5,6,ug/m3 SC,6,KENNEWICK - METALINE,1,100,81102,PM10 Total 0-10um STP,28420,"Kennewick-Richland, WA",53,Washington,5,Benton,46.21835,-119.204153
12/12/2022,AQS,530050002,5,8,ug/m3 SC,7,KENNEWICK - METALINE,1,100,81102,PM10 Total 0-10um STP,28420,"Kennewick-Richland, WA",53,Washington,5,Benton,46.21835,-119.204153
12/13/2022,AQS,530050002,5,13,ug/m3 SC,12,KENNEWICK - METALINE,1,100,81102,PM10 Total 0-10um STP,28420,"Kennewick-Richland, WA",53,Washington,5,Benton,46.21835,-119.204153
12/14/2022,AQS,530050002,5,11,ug/m3 SC,10,KENNEWICK - METALINE,1,100,81102,PM10 Total 0-10um STP,28420,"Kennewick-Richland, WA",53,Washington,5,Benton,46.21835,-119.204153
12/15/2022,AQS,530050002,5,9,ug/m3 SC,8,KENNEWICK - METALINE,1,100,81102,PM10 Total 0-10um STP,28420,"Kennewick-Richland, WA",53,Washington,5,Benton,46.21835,-119.204153
12/16/2022,AQS,530050002,5,11,ug/m3 SC,10,KENNEWICK - METALINE,1,100,81102,PM10 Total 0-10um STP,28420,"Kennewick-Richland, WA",53,Washington,5,Benton,46.21835,-119.204153
12/17/2022,AQS,530050002,5,11,ug/m3 SC,10,KENNEWICK - METALINE,1,100,81102,PM10 Total 0-10um STP,28420,"Kennewick-Richland, WA",53,Washington,5,Benton,46.21835,-119.204153
12/18/2022,AQS,530050002,5,6,ug/m3 SC,6,KENNEWICK - METALINE,1,100,81102,PM10 Total 0-10um STP,28420,"Kennewick-Richland, WA",53,Washington,5,Benton,46.21835,-119.204153
12/19/2022,AQS,530050002,5,5,ug/m3 SC,5,KENNEWICK - METALINE,1,100,81102,PM10 Total 0-10um STP,28420,"Kennewick-Richland, WA",53,Washington,5,Benton,46.21835,-119.204153
12/20/2022,AQS,530050002,5,4,ug/m3 SC,4,KENNEWICK - METALINE,1,100,81102,PM10 Total 0-10um STP,28420,"Kennewick-Richland, WA",53,Washington,5,Benton,46.21835,-119.204153
12/21/2022,AQS,530050002,5,8,ug/m3 SC,7,KENNEWICK - METALINE,1,100,81102,PM10 Total 0-10um STP,28420,"Kennewick-Richland, WA",53,Washington,5,Benton,46.21835,-119.204153
12/22/2022,AQS,530050002,5,4,ug/m3 SC,4,KENNEWICK - METALINE,1,100,81102,PM10 Total 0-10um STP,28420,"Kennewick-Richland, WA",53,Washington,5,Benton,46.21835,-119.204153
12/23/2022,AQS,530050002,5,8,ug/m3 SC,7,KENNEWICK - METALINE,1,100,81102,PM10 Total 0-10um STP,28420,"Kennewick-Richland, WA",53,Washington,5,Benton,46.21835,-119.204153
12/24/2022,AQS,530050002,5,5,ug/m3 SC,5,KENNEWICK - METALINE,1,100,81102,PM10 Total 0-10um STP,28420,"Kennewick-Richland, WA",53,Washington,5,Benton,46.21835,-119.204153
12/25/2022,AQS,530050002,5,6,ug/m3 SC,6,KENNEWICK - METALINE,1,100,81102,PM10 Total 0-10um STP,28420,"Kennewick-Richland, WA",53,Washington,5,Benton,46.21835,-119.204153
12/26/2022,AQS,530050002,5,10,ug/m3 SC,9,KENNEWICK - METALINE,1,100,81102,PM10 Total 0-10um STP,28420,"Kennewick-Richland, WA",53,Washington,5,Benton,46.21835,-119.204153
12/27/2022,AQS,530050002,5,9,ug/m3 SC,8,KENNEWICK - METALINE,1,100,81102,PM10 Total 0-10um STP,28420,"Kennewick-Richland, WA",53,Washington,5,Benton,46.21835,-119.204153
12/28/2022,AQS,530050002,5,2,ug/m3 SC,2,KENNEWICK - METALINE,1,100,81102,PM10 Total 0-10um STP,28420,"Kennewick-Richland, WA",53,Washington,5,Benton,46.21835,-119.204153
12/29/2022,AQS,530050002,5,7,ug/m3 SC,6,KENNEWICK - METALINE,1,100,81102,PM10 Total 0-10um STP,28420,"Kennewick-Richland, WA",53,Washington,5,Benton,46.21835,-119.204153
12/30/2022,AQS,530050002,5,6,ug/m3 SC,6,KENNEWICK - METALINE,1,100,81102,PM10 Total 0-10um STP,28420,"Kennewick-Richland, WA",53,Washington,5,Benton,46.21835,-119.204153
12/31/2022,AQS,530050002,5,4,ug/m3 SC,4,KENNEWICK - METALINE,1,100,81102,PM10 Total 0-10um STP,28420,"Kennewick-Richland, WA",53,Washington,5,Benton,46.21835,-119.204153